{"train/grad_norm":3.354194164276123,"train/global_step":50,"train/loss":0.9033,"train/epoch":0.016666666666666666,"_step":0,"_wandb":{"runtime":41},"_runtime":41,"_timestamp":1.759681826759501e+09,"train/learning_rate":1.9891111111111112e-05}