{"dropout":0.4,"_wandb":{"runtime":0},"emb_dim":100,"_runtime":0,"val_acc":0.88275,"max_len":200,"optimizer":"adam","lr":0.001773467805282933,"_timestamp":1.759728892147302e+09,"grad_clip":1,"kernel_sizes":[3,4,5,6],"_step":0,"channels":192,"weight_decay":1.5814802833977905e-05,"batch_size":128}