{"_timestamp":1.759730363575715e+09,"channels":192,"_wandb":{"runtime":0},"max_len":200,"_runtime":0,"weight_decay":4.6935455931059695e-06,"kernel_sizes":[3,4,5,6],"n_pruned_trials":14,"best_trial_number":3,"best_val_accuracy":0.923125,"_step":1,"batch_size":64,"n_trials":20,"grad_clip":1,"optimizer":"adam","emb_dim":100,"val_acc":0.9150833333333334,"dropout":0.5,"n_completed_trials":6,"lr":0.0024764628875038144}