{"train_runtime":3919.8018,"train/global_step":9000,"test/samples_per_second":139.416,"eval/steps_per_second":2.262,"eval/loss":0.18649226427078247,"train/epoch":3,"train/loss":0.0828,"train/learning_rate":2.2222222222222225e-09,"_timestamp":1.7596873735572648e+09,"train/grad_norm":4.232215881347656,"eval/runtime":52.6035,"train_samples_per_second":73.473,"train_steps_per_second":2.296,"test/macro_f1":0.9470348690069308,"eval/macro_f1":0.9470348690069308,"_runtime":4315,"test/accuracy":0.9469736842105263,"eval/accuracy":0.9469736842105263,"_step":187,"test/steps_per_second":2.183,"test/loss":0.18649226427078247,"eval/samples_per_second":144.477,"total_flos":1.9075985768448e+16,"_wandb":{"runtime":4315},"test/runtime":54.5132,"train_loss":0.15648015263345508}